"Top Spin 4","2KCzech","2KSports","2011","sports","X360","topspin4.jpg","My Wishlist","5","A tennis simulation video game."," - Fun - Fun",
"Virtua Tennis 4","sega","sega","2011","sports","X360","virtuatennis4.jpg","My Favorites","5","An arcade tennis video game.","",
"Tennis World Tour","Bigben interaction","Bigben interaction","2018","sports","PS4-NS-X1","tennisworldtour.jpg","My Games","4.5","A tennis world tour simulation video game.","",
"AO Tennis","Big Ant Studios","Big Ant Studios","2018","sports","PS4-X1","aotennis.png","My Games","3","A AO Tennis video game.","",
"NBA Live","EA Sports","EA Sports","2017","sports","PS4-X1","nba_live.jpg","My Favorites","5","An NBA simulation video game.","",
"Golf","EA Sports","EA Sports","2015","sports","PS4","golf.jpg","My Games","3","A PGA Tour simulation video game.","",
"Need for Speed Payback","Electronic Arts","Electronic Arts","2017","racing","PS4-X1-PC","need_for_speed_payback.jpg","Recently Played","4","A racing video game with realistic images thanks to EAÂ´s Frostbite 3 engine.","",
"Star Wars Battlefront II","EA DICE","Electronic Arts","2017","action shooter","PS4-X1-PC","starwars_battlefront_II.jpg","My Favorites","4","An action shooter video game based on the Star Wars world.","",
"Grand Theft Auto V","Rockstar Games","Rockstar Games","2013","action-adventure","PS4-X1-X360","grand_theft_auto_v.jpg","My Games","4","An action-adventure video game that follows the story of 3 criminals.","",
"Super Mario Odyssey","Nintendo Entertainment Planning & Development","Nintendo Entertainment Planning & Development","2017","3D","NS","super_mario_odyssey.jpg","My Games","5","A 3D platform game in which Mario explores scenarios.","",
"Asphalt 8","Gameloft","Gameloft","2013","racing","PC","asphalt_8.jpg","My Favorites","5","A racing video game that includes 90 licensed cars and a new physics engine.","",
"Forza Horizon 3","Playground Games","Microsoft Studios","2016","racing","X1-PC","forza_horizon_3.jpg","Recently Played","5","A racing video with detailed cars that allows users to create and personalize cars.","",
"Overwatch","Blizzard Entertainment","Blizzard Entertainment","2016","shooter","PS4-X1-PC","overwatch.png","My Wishlist","5","Team based shooter. Choose a hero and battle.","",
"Madden 16","Electronic Arts","Electronic Arts","2015","sports","PS4-X1","madden_16.jpg","My Games","4","A NFL simulation video game. Improvements in passing and Draft Champions mode added.","",
"Guitar Hero","RedOctane","RedOctane","2005","music","PS2","guitar_hero.png","Recently Played","5","A music video game in which players can interact with a guitar to simulate they are playing music.","",
"Just Dance 2017","Ubisoft","Ubisoft","2016","dance","PS4-X1-NS","just_dance_2017.png","My Games","4","A dancing video game in which players can follow some dance moves of popular songs.","",
"Steep","Ubisoft","Ubisoft","2016","extreme sports","PS4-X1","steep.png","My Favorites","4","An extreme sports video game in which users can choose between four unique ways to go through mountains: ski, wingsuit, snowboard, or paraglide.","",
"Spider-Man","Insomniac Games","Sony Interactive Entertainment","2018","action-adventure","PS4","spider-man.jpg","My Favorites","5","n action-adventure video game based on Marvel's Spider-Man","",
"Grand Slam Tennis 2","EA Canada","Electronic Arts","2012","sports","PS3-X360","grand_slam_tennis_2.jpg","My Games","5","A tennis video game with the license of the four major tournaments: Australian Open, Roland Garros, Wimbledon and US Open.","",